{"epoch": 0, "loss": 1.0476144552230835, "_timestamp": 1698041023.1460156, "_runtime": 165.02019357681274, "_step": 334, "_wandb": {"runtime": 164}}