{"epoch": 0, "loss": 1.1899254322052002, "_timestamp": 1698040660.278502, "_runtime": 182.1265389919281, "_step": 355, "_wandb": {"runtime": 180}}