gqa,okvqa,vqav2,aokvqa,avg
57.203052949594536,53.68,73.68,70.48034934497817,63.76085057364318
59.09524566703769,54.05,74.96,72.75109170305677,65.21408434252362
61.18619812370806,56.16,76.09,73.53711790393012,66.74332900690955
62.03688980760057,57.59,76.64,72.92576419213974,67.29816349993509
62.47416123390046,57.58,77.69,72.75109170305677,67.62381323423931
63.014787724598506,57.61,78.51,73.97379912663754,68.27714671280901
63.43615837176022,57.94,79.02,73.62445414847161,68.50515313005796
