gqa,okvqa,vqav2,aokvqa,avg
56.78963269200191,53.55,73.54,70.04366812227074,63.48082520356816
59.95388774049929,54.89,75.12,71.52838427947599,65.37306800499383
60.7966290348227,55.93,76.01,72.83842794759825,66.39376424560524
61.84608045794244,56.83,76.7,73.44978165938865,67.20646552933277
62.943234218476704,57.48,77.75,74.235807860262,68.10226051968468
62.67292097312769,57.44,78.43,75.4585152838428,68.50035906424263
63.36460486563842,57.82,78.92,75.10917030567686,68.80344379282882
