gqa,okvqa,vqav2,aokvqa,avg
57.020193989505486,53.7,73.8,70.21834061135371,63.6846336502148
60.33550643981555,54.9,75.12,72.40174672489083,65.68931329117659
60.947686436635394,55.55,76.29,73.01310043668123,66.45019671832915
61.45651136905709,57.24,76.39,73.62445414847161,67.17774137938218
62.65702019398951,57.34,77.73,75.37117903930131,68.2745498083227
63.5156622674511,57.95,78.4,73.62445414847161,68.37252910398068
63.6587692796947,57.77,78.75,74.49781659388647,68.6691464683953
