gqa,okvqa,vqav2,aokvqa,avg
56.948640483383684,53.97,73.92,71.17903930131004,64.00441994617344
60.27985371283193,54.86,75.51,71.79039301310044,65.6100616814831
61.138495786293525,56.33,76.33,72.66375545851528,66.61556281120221
61.631419939577036,58.13,76.89,73.1877729257642,67.45979821633532
62.513913181745906,57.35,77.96,72.5764192139738,67.60008309892993
63.126093178565746,57.36,78.63,74.14847161572052,68.31614119857156
