gqa,okvqa,vqav2,aokvqa,avg
56.940690093814595,54.81,73.85,71.09170305676857,64.17309828764579
60.20034981714104,55.52,75.37,72.5764192139738,65.9166922577787
61.19414851327715,54.56,76.38,73.27510917030567,66.35231442089571
61.217999681984416,57.83,76.88,73.36244541484717,67.3226112742079
62.64111941485133,57.97,77.97,72.92576419213974,67.87672090174777
63.03863889330577,58.54,78.49,72.75109170305677,68.20493264909064
63.61106694228017,58.49,79.1,74.06113537117905,68.8155505783648
63.66671966926379,58.68,79.56,72.92576419213974,68.70812096535089
64.0244871998728,59.23,79.74,73.7117903930131,69.17656939822146
