gqa,okvqa,vqav2,aokvqa,avg
56.932739704245506,54.43,73.9,71.52838427947599,64.19778099593037
60.057242804897434,55.95,75.28,72.31441048034935,65.9004133213117
61.44061058991891,54.26,76.24,73.1877729257642,66.28209587892077
61.806328510096996,57.5,76.83,73.44978165938865,67.3965275423714
62.56956590872953,58.33,77.89,73.7991266375546,68.14717313657103
62.760375258387654,58.37,78.45,74.32314410480349,68.47587984079779
