gqa,okvqa,vqav2,aokvqa
56.20130386388933,54.9,73.99,70.65502183406113
59.98568929877563,56.83,75.05,71.87772925764192
60.81252981396088,56.97,76.33,72.31441048034935
61.217999681984416,58.72,76.9,72.13973799126637
62.63316902528224,57.77,77.9,73.53711790393012
62.63316902528224,58.7,78.62,72.31441048034935
63.0863412307203,58.44,79.17,73.01310043668123
63.99268564159644,58.3,79.67,73.1004366812227
63.85752901892193,58.26,79.89,73.1877729257642
64.05628875814915,58.36,79.96,73.27510917030567
