gqa,okvqa,vqav2,aokvqa,avg
56.78963269200191,56.29,73.86,70.91703056768559,64.46416581492187
59.66767371601208,54.41,75.21,72.48908296943232,65.4441891713611
61.33725552552075,56.65,76.37,73.62445414847161,66.9954274184981
62.013038638893306,59.54,77.12,73.27510917030567,67.98703695229975
62.927333439338526,57.51,78.17,73.62445414847161,68.05794689695253
63.67467005883288,57.53,78.9,73.01310043668123,68.27944262387852
63.5156622674511,58.04,79.41,74.06113537117905,68.75669940965753
63.642868500556524,58.31,79.97,73.44978165938865,68.8431625399863
63.937032914612814,58.11,80.18,73.97379912663754,69.05020801031259
