gqa,okvqa,vqav2,aokvqa,avg
56.99634282079822,53.79,73.68,70.82969432314411,63.82400928598558
59.68357449515026,54.46,75.16,72.40174672489083,65.42633030501027
60.939736047066305,55.99,75.88,71.87772925764192,66.17186632617705
62.00508824932422,58.43,76.67,72.48908296943232,67.39854280468914
62.8716807123549,58.22,77.73,73.88646288209607,68.17703589861274
62.99093655589124,58.08,78.53,74.06113537117905,68.41551798176756
