gqa,okvqa,vqav2,aokvqa,avg
56.940690093814595,54.47,73.98,71.61572052401746,64.25160265445803
60.12879631101924,55.14,75.16,72.31441048034935,65.68580169784215
61.09874383844809,55.84,76.32,73.01310043668123,66.56796106878232
61.95738591190968,58.01,76.9,73.44978165938865,67.57929189282459
62.752424868818565,58.21,77.94,73.1004366812227,68.00071538751033
62.8001272062331,58.29,78.52,74.235807860262,68.46148376662377
63.17379551598028,58.75,79.04,73.88646288209607,68.71256459951908
63.4520591508984,57.67,79.69,73.88646288209607,68.67463050824861
63.5872157735729,58.24,79.92,73.62445414847161,68.84291748051113
