gqa,okvqa,vqav2,aokvqa,avg
57.40976307839084,53.92,74.0,71.26637554585152,64.14903465606059
60.136746700588326,56.03,75.27,71.70305676855895,65.78495086728682
60.99538877404993,56.27,76.52,73.27510917030567,66.7651244860889
61.94943552234059,57.39,76.95,74.06113537117905,67.58764272337991
62.55366512959135,58.17,77.83,73.53711790393012,68.02269575838037
63.26920019080935,57.8,78.7,75.54585152838428,68.8287629297984
