gqa,okvqa,vqav2,aokvqa,avg
56.21720464302751,56.58,73.83,70.56768558951964,64.29872255813677
59.40531086023215,55.45,75.26,72.40174672489083,65.62926439628075
59.810780728255686,52.47,75.44,70.82969432314411,64.63761876284994
61.75862617268246,58.43,76.42,71.9650655021834,67.14342291871647
62.77627603752583,57.39,77.56,73.88646288209607,67.90318472990548
63.141993957703924,57.33,78.13,74.41048034934498,68.25311857676222
63.44410876132931,57.15,78.86,73.01310043668123,68.11680229950264
63.34870408650024,57.88,79.29,73.7117903930131,68.55762361987834
