gqa,okvqa,vqav2,aokvqa,avg
56.638575290189216,55.75,73.72,71.09170305676857,64.30006958673944
59.111146446175866,56.38,75.02,73.1877729257642,65.92472984298502
61.43266020034982,56.12,76.5,72.83842794759825,66.72277203698701
62.283351884242336,58.41,77.06,72.40174672489083,67.5387746522833
62.31515344251868,57.59,78.2,73.7117903930131,67.95423595888295
63.42820798219113,57.71,78.77,73.97379912663754,68.47050177720718
63.316902528223885,58.18,79.44,73.97379912663754,68.72767541371536
63.74622356495468,58.59,79.9,74.235807860262,69.11800785630417
