{"epoch": 0, "loss": 1.2293027639389038, "_timestamp": 1698041570.1777537, "_runtime": 140.1412546634674, "_step": 258, "_wandb": {"runtime": 139}}