{"epoch": 0, "loss": 1.071101188659668, "_timestamp": 1698041570.1773224, "_runtime": 140.1417534351349, "_step": 258, "_wandb": {"runtime": 139}}