Bleu_1,Bleu_2,Bleu_3,Bleu_4,METEOR,ROUGE_L,CIDEr
0.8151801449499215,0.6637152274186383,0.5189090870724086,0.3972857614064234,0.2904888911370762,0.5941352427712602,1.3091261519691992
0.8174992881855879,0.6646509683825894,0.5189374317271179,0.39701065839991345,0.2922595775973654,0.5926942631353435,1.3033768553178346
0.8264943204067391,0.6757413886132406,0.5323600781672477,0.4112418417827727,0.29645062566452807,0.600683922541211,1.3389047316217908
0.8224552190229469,0.6758609230440785,0.5329550337802783,0.4117244339657225,0.2950462953082484,0.6001052435223886,1.3373813163293735
0.8278911047570805,0.6798988467103619,0.5377089660923057,0.41641624855682435,0.2980537807662252,0.6022651936405042,1.3548212318304866
0.8267628352196086,0.6769589506468955,0.5331913558444709,0.4111348887351711,0.29768412042490916,0.5997324274611693,1.3510448492725857
0.8301123248710227,0.681262760409017,0.5381935551896361,0.4160785956135885,0.2978048564931037,0.6022693517443665,1.3540861035301694
0.8304937722860035,0.6819297399438659,0.5388440482651988,0.4172226534793142,0.2988525126801022,0.6031293545234808,1.3601147607030768
