Bleu_1,Bleu_2,Bleu_3,Bleu_4,METEOR,ROUGE_L,CIDEr
0.7262100335621411,0.5469934165907883,0.40360163714627445,0.2944301335553207,0.23110222099959354,0.48400817865218426,0.9996473361113898
0.7358320567212921,0.5555613131971008,0.40967687730189445,0.29882596329993566,0.2372904417447675,0.49192763927005484,1.0263367397267422
0.7352526792243823,0.5528044058755135,0.40754658570303554,0.29749438039443216,0.23715658946733653,0.49186499074137613,1.024194344475852
0.7369389556997672,0.5587349822542524,0.41374405216418286,0.3022547693040248,0.2388456781447136,0.4947090994775467,1.0385720721368126
0.7414570342384365,0.564367457035798,0.42067308808457554,0.31115062217264666,0.24201747163346746,0.4984712331784664,1.0528542855685548
0.7460226834541366,0.5677639887148879,0.42300200439724917,0.31226485565992335,0.24361372520708066,0.5001695938521138,1.0635298177068808
0.7462640457050318,0.5687413149877618,0.4238911563611653,0.31288308710585716,0.2443404561684559,0.5016991524977047,1.072932000353572
0.7460884165732418,0.5684485080286945,0.4233984406791633,0.3125860301149702,0.2446307543250186,0.5017849770978463,1.0667674184026814
