gqa,okvqa,vqav2,aokvqa,avg,name
56.559071394498325,54.05,73.7,70.04366812227074,63.58818487919227,mix_coco_gqa_raw_QformerMoE_Post_Route_lnout_lr5e5_4ex4b_2loss_001_top6layer_textinqf_10epo_0404
59.93798696136111,54.57,75.17,71.35371179039302,65.25792468793853,mix_coco_gqa_raw_QformerMoE_Post_Route_lnout_lr5e5_4ex4b_2loss_001_top6layer_textinqf_10epo_0404
60.748926697408166,55.81,76.1,71.9650655021834,66.15599804989789,mix_coco_gqa_raw_QformerMoE_Post_Route_lnout_lr5e5_4ex4b_2loss_001_top6layer_textinqf_10epo_0404
61.88583240578789,57.49,76.77,72.48908296943232,67.15872884380505,mix_coco_gqa_raw_QformerMoE_Post_Route_lnout_lr5e5_4ex4b_2loss_001_top6layer_textinqf_10epo_0404
62.57751629829862,57.41,77.76,73.88646288209607,67.90849479509868,mix_coco_gqa_raw_QformerMoE_Post_Route_lnout_lr5e5_4ex4b_2loss_001_top6layer_textinqf_10epo_0404
63.04658928287486,57.5,78.51,74.235807860262,68.32309928578422,mix_coco_gqa_raw_QformerMoE_Post_Route_lnout_lr5e5_4ex4b_2loss_001_top6layer_textinqf_10epo_0404
63.47591031960567,57.27,79.01,73.53711790393012,68.32325705588394,mix_coco_gqa_raw_QformerMoE_Post_Route_lnout_lr5e5_4ex4b_2loss_001_top6layer_textinqf_10epo_0404
63.6587692796947,57.82,79.53,72.22707423580786,68.30896087887564,mix_coco_gqa_raw_QformerMoE_Post_Route_lnout_lr5e5_4ex4b_2loss_001_top6layer_textinqf_10epo_0404
63.929082525043725,57.8,79.7,72.92576419213974,68.58871167929587,mix_coco_gqa_raw_QformerMoE_Post_Route_lnout_lr5e5_4ex4b_2loss_001_top6layer_textinqf_10epo_0404
