gqa,okvqa,vqav2,aokvqa,avg,name
54.26935919860073,47.99,71.97,74.14847161572052,62.09445770358031,mix_coco_gqa_ao_cocap_textcap_raw_QformerMoE_CLS_Cross_4ex4b_001_lr5e5_top6layer_textinqf_8epo_0404
56.40006360311656,50.9,73.19,75.02183406113538,63.87797441606298,mix_coco_gqa_ao_cocap_textcap_raw_QformerMoE_CLS_Cross_4ex4b_001_lr5e5_top6layer_textinqf_8epo_0404
57.06789632692002,50.81,74.37,76.33187772925764,64.64494351404441,mix_coco_gqa_ao_cocap_textcap_raw_QformerMoE_CLS_Cross_4ex4b_001_lr5e5_top6layer_textinqf_8epo_0404
58.435363332803306,53.46,75.06,76.33187772925764,65.82181026551524,mix_coco_gqa_ao_cocap_textcap_raw_QformerMoE_CLS_Cross_4ex4b_001_lr5e5_top6layer_textinqf_8epo_0404
59.445062808077594,52.69,75.88,76.5938864628821,66.15223731773992,mix_coco_gqa_ao_cocap_textcap_raw_QformerMoE_CLS_Cross_4ex4b_001_lr5e5_top6layer_textinqf_8epo_0404
59.9459373509302,53.38,76.26,76.33187772925764,66.47945377004696,mix_coco_gqa_ao_cocap_textcap_raw_QformerMoE_CLS_Cross_4ex4b_001_lr5e5_top6layer_textinqf_8epo_0404
60.25600254412466,53.4,76.56,76.76855895196506,66.74614037402243,mix_coco_gqa_ao_cocap_textcap_raw_QformerMoE_CLS_Cross_4ex4b_001_lr5e5_top6layer_textinqf_8epo_0404
60.39115916679917,53.26,76.72,76.76855895196506,66.78492952969106,mix_coco_gqa_ao_cocap_textcap_raw_QformerMoE_CLS_Cross_4ex4b_001_lr5e5_top6layer_textinqf_8epo_0404
