gqa,okvqa,vqav2,aokvqa,avg
53.46636985212275,48.02,71.28,73.27510917030567,61.5103697556071
55.525520750516776,50.12,72.37,74.32314410480349,63.08466621383006
56.91683892510733,49.66,73.78,75.54585152838428,63.9756726133729
57.616473207187155,52.98,74.3,76.85589519650655,65.43809210092343
58.538718397201464,52.81,74.97,75.9825327510917,65.57531278707329
59.54841787247575,52.71,75.53,76.68122270742359,66.11741014497483
59.60407059945937,53.43,75.81,76.68122270742359,66.38132332672075
59.68357449515026,53.71,75.99,77.117903930131,66.6253696063203
