gqa,okvqa,vqav2,aokvqa,avg
57.14740022261091,54.38,74.13,71.52838427947599,64.29644612552173
59.19860073143583,55.98,75.1,72.5764192139738,65.7137549863524
60.64557163301002,56.56,75.9,73.01310043668123,66.52966801742281
61.3770074733662,57.87,76.6,74.06113537117905,67.47703571113631
62.40260772777866,57.16,77.31,74.32314410480349,67.79893795814553
62.99888694546033,57.96,78.12,73.1877729257642,68.06666496780613
62.69677214183494,59.45,78.75,74.235807860262,68.78314500052424
63.126093178565746,58.74,79.22,74.41048034934498,68.87414338197769
63.30100174908571,58.32,79.5,73.7117903930131,68.7081980355247
