Bleu_1,Bleu_2,Bleu_3,Bleu_4,METEOR,ROUGE_L,CIDEr
0.8182082924454812,0.6638925862784945,0.5165455592392635,0.3928161572696676,0.2920462773984222,0.5918020291082554,1.2987178029426083
0.8240854949333832,0.6717746108928253,0.5257706306569868,0.40249821532303487,0.2936994611883999,0.5958284475381215,1.3272042634335437
0.8246398014401575,0.6743122037328803,0.5292565031234792,0.40578728669235764,0.2964349874781921,0.597962455259089,1.3321248494065205
0.8270564620397717,0.6793843847871991,0.5355102159092959,0.41366323151841006,0.2977148403261682,0.6024717705283715,1.3520977723112642
0.8245944565058522,0.6751194271857663,0.5306411803879995,0.40888833957017,0.29642409734712727,0.598579033363294,1.3383802889190928
0.8280804382261628,0.6796044258685356,0.537046439535483,0.4152107936908873,0.2990414503157605,0.602392043880006,1.3531755491021618
0.8299061115859161,0.6814451792563676,0.5379678657467563,0.4156139159677314,0.2992684448837016,0.6027499590797065,1.3538095043242933
0.8276954938807027,0.6800987491517746,0.5374861277345877,0.41554847690232694,0.2996663866671749,0.6026710548192867,1.3561296682313817
