gqa,okvqa,vqav2,aokvqa,avg
57.06789632692002,54.44,73.8,71.09170305676857,64.09989984592214
59.85848306567022,56.06,75.25,72.75109170305677,65.97989369218175
60.717125139131824,55.3,76.37,73.1877729257642,66.39372451622401
61.34520591508984,57.32,76.94,73.62445414847161,67.30741501589037
62.6649705835586,58.16,77.93,72.5764192139738,67.8328474493831
