gqa,okvqa,vqav2,aokvqa,avg
57.33025918269995,54.6,74.14,70.91703056768559,64.24682243759638
59.643822547304815,55.57,75.28,72.13973799126637,65.6583901346428
60.7966290348227,56.62,76.23,74.14847161572052,66.9487751626358
61.806328510096996,57.53,76.92,73.88646288209607,67.53569784804826
62.67292097312769,57.78,78.04,74.49781659388647,68.24768439175354
63.05453967244395,57.7,78.55,73.44978165938865,68.18858033295815
63.16584512641119,58.84,79.15,73.7991266375546,68.73874294099144
63.75417395452377,58.02,79.59,73.7117903930131,68.76899108688423
