Bleu_1,Bleu_2,Bleu_3,Bleu_4,METEOR,ROUGE_L,CIDEr
0.7309287396242824,0.5494655932407475,0.4041141975269019,0.2921841096479282,0.23361135981392955,0.48650322014232156,0.9966076482929254
0.7382464874712654,0.5571950857230415,0.4121904524343956,0.30143019979529023,0.23826500378661586,0.4926618553461225,1.0232964787151213
0.7350922242488682,0.5559390933443953,0.4113206176871192,0.3009155411187479,0.2374533115810085,0.49274408438489914,1.0099444415721002
0.7369161501554021,0.556728672691215,0.41086927244074317,0.3004344996181908,0.23806683186363936,0.49184279207452697,1.0280928870205412
0.7407251133040751,0.5595661891353809,0.4138229944446712,0.3032027996796593,0.2415473861083878,0.4972778899306893,1.0479529588574925
0.7428951836605517,0.5623862396980985,0.4161405396490859,0.3047709156231164,0.2438504314752837,0.49858613995817086,1.0477488915322588
0.745208695011462,0.5654882473522628,0.4200936310645993,0.308981454910347,0.24371581659378194,0.49914038443933745,1.053786374859757
0.7444798335079819,0.5624985319454049,0.4157842492239835,0.3044642812661473,0.2432655219581268,0.49722674885535495,1.056752744677739
